{"cameraMode":{"drawMode":0,"name":"Shaded","section":"Shading Mode"},"sceneLighting":true,"audioPlay":false,"sceneViewState":{"showFog":true,"showMaterialUpdate":false,"showSkybox":true,"showFlares":true,"showImageEffects":true,"showParticleSystems":true},"in2DMode":false,"pivot":{"x":2.7226057052612306,"y":1.471739649772644,"z":0.03749573230743408},"rotation":{"x":-0.03501570224761963,"y":0.8222361207008362,"z":-0.05088688060641289,"w":-0.5657864809036255},"size":4.872905731201172,"orthographic":false}